Timestamp,Open,High,Low,Close,Volume,Spread,Alta_Volatilidad,Return,Spread_Lag1
2020-01-01,7160.69,7237.35,7150.0,7178.68,1119.10969318,87.35000000000036,0,0.002512327722607834,
2020-01-02,7174.7,7184.94,6900.0,6950.56,3972.70795427,284.9399999999996,0,-0.03124033060615767,87.35000000000036
2020-01-03,6945.7,7402.31,6853.53,7338.91,8072.72908749,548.7800000000007,1,0.05661200454957745,284.9399999999996
2020-01-04,7332.58,7396.1,7256.03,7344.48,3256.73735349,140.07000000000062,0,0.0016228939882005564,548.7800000000007
2020-01-05,7356.05,7495.0,7310.0,7356.7,2707.27385549,185.0,0,8.836264027564199e-05,140.07000000000062
2020-01-06,7352.12,7817.0,7342.46,7762.74,6728.28277831,474.53999999999996,0,0.05585055739024933,185.0
2020-01-07,7768.17,8220.0,7697.03,8159.01,12158.32281238,522.9700000000003,0,0.05031300808298481,474.53999999999996
2020-01-08,8151.79,8463.57,7872.09,8044.44,11913.23248192,591.4799999999996,1,-0.013168886833443987,522.9700000000003
2020-01-09,8048.94,8048.94,7737.97,7806.78,5957.24423978,310.96999999999935,0,-0.030085949205733906,591.4799999999996
2020-01-10,7812.7,8200.0,7667.0,8200.0,8999.98825687,533.0,1,0.04957313092784827,310.96999999999935
2020-01-11,8200.0,8286.0,8000.0,8016.22,3788.3273136000003,286.0,0,-0.022412195121951188,533.0
2020-01-12,8008.1,8190.0,7960.0,8180.76,2056.08675369,230.0,0,0.021560669821805403,286.0
2020-01-13,8180.75,8196.81,8039.0,8105.01,4011.43909644,157.8099999999995,0,-0.009258319836200811,230.0
2020-01-14,8105.01,8895.0,8105.01,8813.04,17009.43193382,789.9899999999998,1,0.08735707913993945,157.8099999999995
2020-01-15,8813.2,8903.2,8555.0,8809.17,8606.88339936,348.2000000000007,0,-0.0004572686424908835,789.9899999999998
2020-01-16,8810.62,8852.35,8573.91,8710.15,6713.2584764,278.4400000000005,0,-0.011403283764366317,348.2000000000007
2020-01-17,8715.39,9015.22,8661.52,8892.63,9363.15892644,353.6999999999989,0,0.020336439333179558,278.4400000000005
2020-01-18,8898.03,9000.1,8798.9,8908.53,3678.00926615,201.20000000000073,0,0.0011800364799848953,353.6999999999989
2020-01-19,8901.02,9188.1,8461.38,8696.6,8785.449927,726.7200000000012,1,-0.022965907278042298,201.20000000000073
2020-01-20,8698.97,8740.54,8507.93,8625.17,4420.19825219,232.61000000000058,0,-0.008483763020219552,726.7200000000012
2020-01-21,8629.66,8778.66,8480.0,8717.89,3394.68916005,298.65999999999985,0,0.01022404127161436,232.61000000000058
2020-01-22,8728.47,8792.98,8567.68,8655.93,3143.81212331,225.29999999999927,0,-0.008310734871059768,298.65999999999985
2020-01-23,8661.63,8665.95,8280.0,8378.44,8611.0107876,385.9500000000007,0,-0.0326947699220584,225.29999999999927
2020-01-24,8382.08,8530.7,8212.9,8422.13,6430.43023326,317.8000000000011,0,0.0047780503168663715,385.9500000000007
2020-01-25,8435.83,8437.47,8252.72,8329.5,2812.78995216,184.75,0,-0.012604568845033616,317.8000000000011
2020-01-26,8320.0,8600.0,8276.22,8590.48,6340.58577579,323.78000000000065,0,0.03250961538461533,184.75
2020-01-27,8600.0,9004.35,8546.55,8894.54,9619.7747426,457.8000000000011,0,0.03424883720930243,323.78000000000065
2020-01-28,8894.57,9413.24,8876.0,9400.0,9565.55935515,537.2399999999998,1,0.05682455700500421,457.8000000000011
2020-01-29,9386.57,9443.96,9215.5,9289.18,6481.91594603,228.45999999999913,0,-0.010375461963209076,537.2399999999998
2020-01-30,9280.83,9570.0,9166.07,9500.0,7945.15877894,403.9300000000003,0,0.02361534474826067,228.45999999999913
2020-01-31,9510.84,9529.35,9195.93,9327.85,5009.62230695,333.4200000000001,0,-0.019240151237955826,403.9300000000003
2020-02-01,9339.26,9464.16,9280.33,9377.17,1669.00246242,183.82999999999993,0,0.00405920811713132,333.4200000000001
2020-02-02,9379.6,9474.28,9135.0,9329.39,3015.79158859,339.28000000000065,0,-0.005353106742291883,183.82999999999993
2020-02-03,9309.69,9615.0,9211.07,9288.09,4758.13350441,403.9300000000003,0,-0.002320163184810704,339.28000000000065
2020-02-04,9281.0,9348.6,9075.0,9159.37,4867.22545881,273.60000000000036,0,-0.013105268828789915,403.9300000000003
2020-02-05,9168.49,9775.0,9142.52,9618.42,8063.96793828,632.4799999999996,1,0.0490735115597007,273.60000000000036
2020-02-06,9617.84,9859.57,9521.0,9754.63,7554.48867469,338.5699999999997,0,0.014222528135215292,632.4799999999996
2020-02-07,9754.63,9878.0,9706.94,9803.42,4013.49096731,171.0599999999995,0,0.005001727384841954,338.5699999999997
2020-02-08,9803.71,9948.97,9658.58,9902.0,3268.73554695,290.3899999999994,0,0.010025796356685468,171.0599999999995
2020-02-09,9907.7,10178.54,9885.04,10173.97,4830.33787739,293.5,0,0.026875056774024103,290.3899999999994
2020-02-10,10173.51,10199.85,9731.2,9850.01,7560.66789084,468.64999999999964,0,-0.03179826824763528,293.5
2020-02-11,9851.99,10383.9,9706.94,10268.98,8127.59636283,676.9599999999991,1,0.04232545912044164,468.64999999999964
2020-02-12,10270.98,10495.0,10247.35,10348.78,6553.40942709,247.64999999999964,0,0.007574739703514279,676.9599999999991
2020-02-13,10348.78,10500.5,10068.0,10228.67,9347.45128374,432.5,0,-0.011606198991572008,247.64999999999964
2020-02-14,10229.19,10398.0,10093.26,10364.04,6190.37749036,304.7399999999998,0,0.0131828619861397,432.5
2020-02-15,10364.04,10408.04,9739.0,9899.78,5762.30634481,669.0400000000009,1,-0.04479527288586306,304.7399999999998
2020-02-16,9909.71,10051.24,9598.49,9912.89,4133.47675014,452.75,0,0.0003208973824663175,669.0400000000009
2020-02-17,9925.96,9973.45,9467.57,9697.15,5913.20492551,505.880000000001,0,-0.02305167459872894,452.75
2020-02-18,9725.57,10288.0,9602.6,10185.17,6754.35394103,685.3999999999996,1,0.04725687029140712,505.880000000001
2020-02-19,10190.3,10300.0,9312.0,9595.72,9936.8206814,988.0,1,-0.058347644328429975,685.3999999999996
2020-02-20,9589.1,9706.27,9396.91,9612.76,6608.4910792,309.3600000000006,0,0.0024673848432073763,988.0
2020-02-21,9610.4,9773.2,9562.6,9696.13,4271.47074293,210.60000000000036,0,0.008920544410222215,309.3600000000006
2020-02-22,9696.13,9722.39,9568.51,9668.13,2096.56353593,153.8799999999992,0,-0.002887750061106854,210.60000000000036
2020-02-23,9664.08,10024.08,9664.08,9965.21,3329.22433648,360.0,0,0.03115971722088385,153.8799999999992
2020-02-24,9969.79,10027.66,9480.0,9652.58,5877.00770771,547.6599999999999,1,-0.031817119518064166,360.0
2020-02-25,9664.87,9682.73,9234.21,9305.4,6280.00295543,448.52000000000044,0,-0.03719346457841659,547.6599999999999
2020-02-26,9305.4,9369.99,8627.78,8779.36,11564.19794381,742.2099999999991,1,-0.05653061663120329,448.52000000000044
2020-02-27,8778.37,8974.75,8520.0,8816.5,9273.9036636,454.75,0,0.004343630992997469,742.2099999999991
2020-02-28,8816.5,8900.94,8421.49,8703.84,6546.98122765,479.4500000000007,0,-0.012778313389667085,454.75
2020-02-29,8710.0,8805.06,8525.0,8527.74,2338.06785643,280.0599999999995,0,-0.020925373134328382,479.4500000000007
2020-03-01,8525.0,8756.11,8410.0,8528.95,4156.57173933,346.1100000000006,0,0.00046334310850448416,280.0599999999995
2020-03-02,8516.0,8980.34,8486.72,8917.34,6186.86088929,493.6200000000008,0,0.047127759511507765,346.1100000000006
2020-03-03,8917.34,8921.8,8660.04,8755.45,4629.97228611,261.7599999999984,0,-0.01815451692993644,493.6200000000008
2020-03-04,8755.45,8850.0,8663.76,8753.28,3353.2325223,186.23999999999978,0,-0.00024784562758054386,261.7599999999984
2020-03-05,8757.79,9169.0,8757.79,9066.65,6448.68567336,411.2099999999991,0,0.035266888107616044,186.23999999999978
2020-03-06,9059.0,9187.85,8990.01,9153.79,4136.42339429,197.84000000000015,0,0.010463627331935189,411.2099999999991
2020-03-07,9154.1,9219.13,8859.49,8893.93,2805.5915714,359.6399999999994,0,-0.028421144623720525,197.84000000000015
2020-03-08,8901.12,8901.12,7995.48,8033.7,9068.89040196,905.6400000000012,1,-0.09745065789473695,359.6399999999994
2020-03-09,8035.79,8191.13,7636.0,7936.25,12177.39425093,555.1300000000001,1,-0.012387083286148588,905.6400000000012
2020-03-10,7937.2,8158.42,7733.99,7885.92,8274.9537573,424.4300000000003,0,-0.0064607166255102235,555.1300000000001
2020-03-11,7893.63,7988.78,7591.99,7934.57,7289.61145281,396.78999999999996,0,0.005186460475091891,424.4300000000003
2020-03-12,7956.29,7969.9,4776.59,4841.67,58513.38918903,3193.3099999999995,1,-0.3914663744031452,396.78999999999996
2020-03-13,4841.67,5990.35,3850.0,5622.74,54419.64133553,2140.3500000000004,1,0.16132243626682521,3193.3099999999995
2020-03-14,5623.16,5663.01,5051.0,5169.37,15370.8681496,612.0100000000002,1,-0.0807001757019185,2140.3500000000004
2020-03-15,5167.38,5965.77,5092.34,5343.64,16589.303863780002,873.4300000000003,1,0.034110129311179016,612.0100000000002
2020-03-16,5353.04,5353.04,4435.89,5033.42,34905.46359769,917.1499999999996,1,-0.05970812846532062,873.4300000000003
2020-03-17,5051.41,5569.9,4936.0,5324.99,17517.84242049,633.8999999999996,1,0.054159135766053426,917.1499999999996
2020-03-18,5340.95,5452.43,5006.87,5406.92,22559.23112903,445.5600000000004,0,0.012351735178198682,633.8999999999996
2020-03-19,5413.0,6433.98,5266.38,6181.18,24783.73487365,1167.5999999999995,1,0.14191391095510814,445.5600000000004
2020-03-20,6192.94,7139.0,5670.0,6210.14,30082.50248252,1469.0,1,0.002777356150713672,1167.5999999999995
2020-03-21,6207.66,6461.91,5866.44,6187.78,11796.72656887,595.4700000000003,1,-0.00320249498200612,1469.0
2020-03-22,6199.17,6419.0,5705.0,5813.15,10813.38456907,714.0,1,-0.062269626417730185,595.4700000000003
2020-03-23,5816.57,6629.79,5686.34,6493.51,19053.80456405,943.4499999999998,1,0.11638130375805682,714.0
2020-03-24,6494.7,6893.0,6400.01,6768.64,19719.09402414,492.9899999999998,0,0.04217900749842187,943.4499999999998
2020-03-25,6768.64,6989.04,6457.17,6692.22,16675.73512097,531.8699999999999,1,-0.011290303517397892,492.9899999999998
2020-03-26,6695.47,6798.89,6528.07,6760.72,7393.70723365,270.8200000000006,0,0.00974539502081258,531.8699999999999
2020-03-27,6765.15,6872.67,6210.0,6376.03,10816.28556504,662.6700000000001,1,-0.057518310754380894,270.8200000000006
2020-03-28,6376.03,6376.03,6030.51,6253.08,11613.49398164,345.5199999999995,0,-0.01928315895627841,662.6700000000001
2020-03-29,6275.11,6278.24,5869.0,5870.9,9298.9390511,409.2399999999998,0,-0.06441480707111111,345.5199999999995
2020-03-30,5878.47,6630.0,5856.0,6407.77,14974.444163,774.0,1,0.09004043569160006,409.2399999999998
2020-03-31,6408.95,6527.24,6337.42,6421.14,6342.29832651,189.8199999999997,0,0.0019020276332317322,774.0
2020-04-01,6428.74,6710.21,6137.71,6652.07,11319.14793815,572.5,1,0.03473931128028197,189.8199999999997
2020-04-02,6669.95,7236.39,6575.13,6801.99,17212.82067331,661.2600000000002,1,0.019796250346704243,572.5
2020-04-03,6789.63,7047.96,6610.0,6742.57,10570.10640235,437.96000000000004,0,-0.006931158251627909,661.2600000000002
2020-04-04,6737.36,7014.0,6655.54,6879.61,6018.51563233,358.46000000000004,0,0.021113611266133918,437.96000000000004
2020-04-05,6887.22,6914.01,6678.51,6775.2,3981.97692417,235.5,0,-0.016264908047078565,358.46000000000004
2020-04-06,6780.57,7376.59,6773.75,7352.43,13683.03789416,602.8400000000001,1,0.0843380423769684,235.5
2020-04-07,7335.85,7469.0,7077.0,7202.73,11669.014265239999,392.0,0,-0.018146499723958476,602.8400000000001
2020-04-08,7204.78,7428.95,7152.0,7367.36,8720.21050049,276.9499999999998,0,0.022565574521359422,392.0
2020-04-09,7370.85,7376.59,7107.38,7293.93,8324.9217727,269.21000000000004,0,-0.010435702802254837,276.9499999999998
2020-04-10,7299.12,7306.1,6750.15,6877.03,10727.86685616,555.9500000000007,1,-0.0578275189337893,269.21000000000004
2020-04-11,6866.03,6955.59,6771.24,6883.18,3326.67476213,184.35000000000036,0,0.0024978044080786925,555.9500000000007
2020-04-12,6882.75,7201.76,6790.74,6908.24,7264.51928043,411.02000000000044,0,0.0037034615524317725,184.35000000000036
2020-04-13,6908.21,6914.01,6542.91,6864.22,10837.57453223,371.10000000000036,0,-0.006367785576871546,411.02000000000044
2020-04-14,6864.66,6991.0,6766.96,6879.75,7275.68657382,224.03999999999996,0,0.0021982152065798083,371.10000000000036
2020-04-15,6868.88,6940.0,6598.55,6619.0,8109.73234254,341.4499999999998,0,-0.036378565355632955,224.03999999999996
2020-04-16,6619.0,7224.18,6472.67,7111.67,15726.69637377,751.5100000000002,1,0.07443269376038678,341.4499999999998
2020-04-17,7121.35,7158.22,6995.39,7024.19,8539.61835086,162.82999999999993,0,-0.01364348051984536,751.5100000000002
2020-04-18,7020.13,7306.15,7020.13,7262.26,5102.50261952,286.0199999999995,0,0.03449081427267018,162.82999999999993
2020-04-19,7265.94,7276.21,7057.46,7126.4,4662.19209244,218.75,0,-0.019204672760854063,286.0199999999995
2020-04-20,7124.27,7220.0,6757.75,6841.0,11365.00931766,462.25,0,-0.03976126676838475,218.75
2020-04-21,6833.0,6950.98,6774.48,6854.98,5570.95619043,176.5,0,0.003216742280111161,462.25
2020-04-22,6850.6,7171.26,6819.59,7137.79,6273.40631495,351.6700000000001,0,0.04192187545616436,176.5
2020-04-23,7138.29,7756.69,7031.07,7484.58,14779.54814354,725.6199999999999,1,0.0485116183287594,351.6700000000001
2020-04-24,7494.2,7612.91,7391.57,7505.53,7357.10670681,221.34000000000015,0,0.0015118358197005587,725.6199999999999
2020-04-25,7518.81,7723.77,7432.8,7547.56,3800.82773036,290.97000000000025,0,0.003823743384923944,221.34000000000015
2020-04-26,7547.56,7718.0,7485.0,7701.73,5247.54081807,233.0,0,0.02042646895155509,290.97000000000025
2020-04-27,7708.87,7813.68,7637.03,7786.41,6878.02253788,176.65000000000055,0,0.010058542951171827,233.0
2020-04-28,7794.22,7798.42,7650.0,7767.79,7248.9559695,148.42000000000007,0,-0.0033909743373936444,176.65000000000055
2020-04-29,7762.07,8970.0,7717.14,8790.32,26396.09715679,1252.8599999999997,1,0.13247110628994585,148.42000000000007
2020-04-30,8789.79,9485.26,8407.0,8627.32,24057.73933525,1078.2600000000002,1,-0.01848394557776706,1252.8599999999997
2020-05-01,8629.72,9075.0,8616.17,8832.44,11379.68574201,458.8299999999999,0,0.0234909127990249,1078.2600000000002
2020-05-02,8836.0,9022.0,8760.0,8983.79,5524.26706572,262.0,0,0.016725894069714902,458.8299999999999
2020-05-03,8982.56,9207.82,8723.78,8915.98,9218.274909,484.03999999999905,0,-0.007412140859621303,262.0
2020-05-04,8924.14,8974.34,8528.42,8882.87,10018.97499887,445.9200000000001,0,-0.004624535249334795,484.03999999999905
2020-05-05,8889.24,9120.0,8760.1,9034.85,9592.13446226,359.89999999999964,0,0.016380477971120206,445.9200000000001
2020-05-06,9040.0,9417.95,8921.03,9154.32,15110.941813290001,496.9200000000001,0,0.012646017699115011,359.89999999999964
2020-05-07,9163.63,10074.0,9030.03,10000.0,25012.90031203,1043.9699999999993,1,0.0912705990966463,496.9200000000001
2020-05-08,10008.19,10048.38,9725.0,9801.35,19203.48379461,323.3799999999992,0,-0.020667073666667014,1043.9699999999993
2020-05-09,9809.04,9914.0,9515.4,9546.56,11278.63371513,398.60000000000036,0,-0.026758989666674962,323.3799999999992
2020-05-10,9527.31,9565.2,8109.0,8731.17,31639.42874341,1456.2000000000007,1,-0.08356398605692472,398.60000000000036
2020-05-11,8740.88,9182.97,8181.0,8571.98,34465.18657226,1001.9699999999993,1,-0.019322997226823804,1456.2000000000007
2020-05-12,8574.19,8984.87,8534.97,8825.46,14010.261205499999,449.90000000000146,0,0.029305392112840816,1001.9699999999993
2020-05-13,8816.99,9418.46,8804.47,9315.5,12762.85161682,613.9899999999998,1,0.05653970345889019,449.90000000000146
2020-05-14,9323.73,9945.34,9254.85,9793.5,19936.18545561,690.4899999999998,1,0.050384341888922185,613.9899999999998
2020-05-15,9809.91,9844.66,9112.0,9306.21,17324.14460144,732.6599999999999,1,-0.051346036813793475,690.4899999999998
2020-05-16,9307.43,9590.0,9216.08,9389.07,6170.09609719,373.9200000000001,0,0.008771486865869463,732.6599999999999
2020-05-17,9377.79,9894.88,9326.53,9665.7,9515.79358021,568.3499999999985,1,0.0307012633040407,373.9200000000001
2020-05-18,9672.95,9966.12,9451.2,9721.91,12362.32763823,514.9200000000001,0,0.005061537586775402,568.3499999999985
2020-05-19,9730.0,9903.89,9455.05,9787.65,12149.68534917,448.84000000000015,0,0.005924974306269233,514.9200000000001
2020-05-20,9776.3,9843.87,9100.0,9516.51,12351.42817701,743.8700000000008,1,-0.026573448032486634,448.84000000000015
2020-05-21,9505.61,9573.29,8800.0,9062.47,16879.82890788,773.2900000000009,1,-0.046618786169430604,743.8700000000008
2020-05-22,9062.25,9272.97,8924.91,9171.96,7261.28419694,348.0599999999995,0,0.012106265000413709,773.2900000000009
2020-05-23,9171.96,9316.12,9084.83,9183.46,3477.27850858,231.29000000000087,0,0.0012538214296617081,348.0599999999995
2020-05-24,9183.93,9310.91,8669.0,8718.77,8855.47763284,641.9099999999999,1,-0.050649340750637234,231.29000000000087
2020-05-25,8710.12,8984.16,8630.0,8903.56,8919.92378955,354.15999999999985,0,0.02220864924937873,641.9099999999999
2020-05-26,8903.22,9012.0,8690.0,8840.91,5923.00523696,322.0,0,-0.006998591520820501,354.15999999999985
2020-05-27,8835.79,9230.21,8810.99,9210.0,6867.67101935,419.21999999999935,0,0.04235161768217659,322.0
2020-05-28,9209.99,9625.01,9105.79,9577.38,11523.40889483,519.2199999999993,0,0.039890379902692556,419.21999999999935
2020-05-29,9581.49,9610.0,9330.0,9421.04,7226.77389995,280.0,0,-0.016745829719594648,519.2199999999993
2020-05-30,9428.52,9758.27,9326.28,9705.1,6781.84196225,431.9899999999998,0,0.02933440243007385,280.0
2020-05-31,9705.1,9711.7,9373.96,9446.19,5697.99838373,337.7400000000016,0,-0.026677726143986134,431.9899999999998
2020-06-01,9444.61,10429.26,9416.5,10203.64,12109.14149664,1012.7600000000002,1,0.08036647357593366,337.7400000000016
2020-06-02,10203.64,10241.26,9135.68,9525.73,22725.11942099,1105.58,1,-0.0664380554390394,1012.7600000000002
2020-06-03,9522.52,9699.95,9380.99,9668.99,6928.76322878,318.96000000000095,0,0.015381432645980197,1105.58
2020-06-04,9668.0,9888.0,9430.0,9791.92,8938.7688887,458.0,0,0.012817542407943739,318.96000000000095
2020-06-05,9791.0,9856.48,9592.74,9619.99,7157.37095675,263.7399999999998,0,-0.01746604024103771,458.0
2020-06-06,9616.17,9744.39,9525.76,9669.85,4047.26924742,218.6299999999992,0,0.005582264040673188,263.7399999999998
2020-06-07,9673.08,9829.31,9356.0,9750.04,6762.65158822,473.3099999999995,0,0.007956100848954102,218.6299999999992
2020-06-08,9759.04,9813.67,9645.0,9783.0,5379.07801648,168.67000000000007,0,0.002455159523887506,473.3099999999995
2020-06-09,9786.64,9897.46,9566.81,9776.84,6922.79788471,330.64999999999964,0,-0.0010013651263354197,168.67000000000007
2020-06-10,9782.3,10011.4,9578.0,9894.32,7107.20140335,433.39999999999964,0,0.011451294685299004,330.64999999999964
2020-06-11,9894.32,9981.24,9078.91,9264.26,16389.44455357,902.3299999999999,1,-0.0636789592412616,433.39999999999964
2020-06-12,9265.95,9555.0,9230.0,9463.07,6934.13533535,325.0,0,0.021273587705523875,902.3299999999999
2020-06-13,9465.92,9500.0,9345.71,9473.46,2938.68222067,154.29000000000087,0,0.0007965416990634882,325.0
2020-06-14,9478.93,9479.59,9235.01,9329.99,3477.25235863,244.57999999999993,0,-0.015712743948947876,154.29000000000087
2020-06-15,9329.99,9505.4,8900.0,9435.15,11765.1135339,605.3999999999996,1,0.011271180354962851,244.57999999999993
2020-06-16,9435.41,9596.31,9374.9,9530.3,6864.21822439,221.40999999999985,0,0.010056796683980814,605.3999999999996
2020-06-17,9530.3,9566.53,9230.32,9461.29,5902.36636044,336.21000000000095,0,-0.007241115180004659,221.40999999999985
2020-06-18,9459.82,9478.69,9250.0,9374.78,3997.01284654,228.6900000000005,0,-0.008989600224951327,336.21000000000095
2020-06-19,9374.83,9429.99,9225.15,9304.32,5305.9077191,204.84000000000015,0,-0.007521203051148684,228.6900000000005
2020-06-20,9287.6,9400.0,9138.0,9355.46,3071.79384829,262.0,0,0.007306516215168478,204.84000000000015
2020-06-21,9355.93,9421.26,9271.52,9283.03,1435.21189641,149.73999999999978,0,-0.007791849661123975,262.0
2020-06-22,9287.89,9798.76,9267.2,9683.12,6615.64540882,531.5599999999995,1,0.042553260213030235,149.73999999999978
2020-06-23,9688.26,9725.3,9571.0,9622.81,4866.11470545,154.29999999999927,0,-0.006755599044616962,531.5599999999995
2020-06-24,9617.88,9666.35,9193.99,9286.06,10072.57541802,472.3600000000006,0,-0.03450032647527311,154.29999999999927
2020-06-25,9286.3,9343.49,8989.0,9239.48,8701.2461746,354.4899999999998,0,-0.005041835822663462,472.3600000000006
2020-06-26,9237.98,9289.71,9024.61,9158.26,7912.38375487,265.09999999999854,0,-0.008629592183572529,354.4899999999998
2020-06-27,9158.13,9189.0,8830.63,9009.3,4399.67602419,358.3700000000008,0,-0.016251134238103187,265.09999999999854
2020-06-28,9008.33,9191.72,8933.06,9118.01,3231.85728086,258.65999999999985,0,0.012175397659721646,358.3700000000008
2020-06-29,9118.8,9240.36,9014.92,9188.88,4942.72533003,225.4400000000005,0,0.007685221739702585,258.65999999999985
2020-06-30,9187.85,9201.95,9060.0,9132.96,2781.63125132,141.95000000000073,0,-0.00597419418035789,225.4400000000005
2020-07-01,9136.89,9300.0,9089.8,9233.38,4321.56559235,210.20000000000073,0,0.01056048611726745,141.95000000000073
2020-07-02,9233.38,9268.54,8939.0,9092.92,6866.04897352,329.5400000000009,0,-0.015212197483478329,210.20000000000073
2020-07-03,9091.68,9127.11,9027.17,9063.08,3510.00353809,99.94000000000051,0,-0.0031457332418211334,329.5400000000009
2020-07-04,9053.87,9196.0,9045.94,9138.52,2180.37237178,150.0599999999995,0,0.009349593046951153,99.94000000000051
2020-07-05,9142.16,9147.37,8905.0,9076.82,3067.87780852,242.3700000000008,0,-0.007147107466944371,150.0599999999995
2020-07-06,9077.18,9376.34,9060.5,9348.22,5361.35284949,315.84000000000015,0,0.029859493807548054,242.3700000000008
2020-07-07,9346.9,9385.81,9201.78,9257.16,4702.82565367,184.02999999999884,0,-0.009601044196471535,315.84000000000015
2020-07-08,9257.21,9479.57,9228.91,9437.16,6275.54666358,250.65999999999985,0,0.019438902217838932,184.02999999999884
2020-07-09,9441.76,9448.5,9157.11,9234.9,4575.44853951,291.3899999999994,0,-0.021909050854925415,250.65999999999985
2020-07-10,9234.91,9318.92,9053.14,9283.53,3910.32678996,265.78000000000065,0,0.005264804962907143,291.3899999999994
2020-07-11,9291.0,9304.95,9180.0,9238.3,1453.16535935,124.95000000000073,0,-0.005672155849747145,265.78000000000065
2020-07-12,9234.07,9347.76,9153.48,9306.17,2037.15363045,194.28000000000065,0,0.0078080413078956915,124.95000000000073
2020-07-13,9304.94,9351.17,9190.49,9233.1,3875.17319052,160.6800000000003,0,-0.007720630116905659,194.28000000000065
2020-07-14,9234.19,9282.08,9095.0,9251.59,4479.91060569,187.07999999999993,0,0.0018843017091915626,160.6800000000003
2020-07-15,9256.33,9276.98,9153.38,9190.07,3810.04841103,123.60000000000036,0,-0.007158344613902078,187.07999999999993
2020-07-16,9191.0,9217.5,9026.51,9132.87,5541.85389383,190.98999999999978,0,-0.0063246654335762376,123.60000000000036
2020-07-17,9134.44,9184.28,9073.53,9156.5,3593.49712953,110.75,0,0.002415035842372328,190.98999999999978
2020-07-18,9150.51,9214.63,9122.72,9177.43,1358.28531978,91.90999999999985,0,0.002941912527279908,110.75
2020-07-19,9175.7,9243.36,9106.3,9211.99,1585.39916859,137.0600000000013,0,0.003955011606743796,91.90999999999985
2020-07-20,9213.15,9224.73,9128.21,9162.43,3064.80739401,96.52000000000044,0,-0.005505174668815698,137.0600000000013
2020-07-21,9161.77,9442.89,9152.23,9391.25,5559.47430975,290.65999999999985,0,0.025047561770269233,96.52000000000044
2020-07-22,9395.98,9573.0,9280.8,9539.51,5520.76262356,292.2000000000007,0,0.015275681727717668,290.65999999999985
2020-07-23,9537.23,9690.0,9453.38,9617.2,10413.94384743,236.6200000000008,0,0.008385034229016304,292.2000000000007
2020-07-24,9614.85,9650.55,9474.35,9547.91,8012.90509154,176.1999999999989,0,-0.006962147095378556,236.6200000000008
2020-07-25,9549.34,9751.82,9532.79,9710.98,5065.44989566,219.02999999999884,0,0.016926824262200258,176.1999999999989
2020-07-26,9712.45,10200.0,9657.0,9944.65,9090.21430682,543.0,1,0.023907458983057715,219.02999999999884
2020-07-27,9944.65,11417.11,9933.77,11046.19,27736.83221358,1483.3400000000001,1,0.11076709587567193,543.0
2020-07-28,11049.4,11263.85,10583.48,10939.27,17062.37380128,680.3700000000008,1,-0.009967057034771047,1483.3400000000001
2020-07-29,10931.91,11358.47,10855.81,11111.17,12452.86303565,502.65999999999985,0,0.01639786642956265,680.3700000000008
2020-07-30,11105.01,11189.0,10832.0,11112.12,10456.84804792,357.0,0,0.0006402515621328195,502.65999999999985
2020-07-31,11110.84,11457.95,10973.8,11356.74,10417.50746157,484.15000000000146,0,0.0221315400095762,357.0
2020-08-01,11357.98,11883.36,11228.0,11817.49,11195.80752332,655.3600000000006,1,0.04045701788522257,484.15000000000146
2020-08-02,11808.21,12100.0,10559.59,11071.66,12656.41102944,1540.4099999999999,1,-0.06237609256610437,655.3600000000006
2020-08-03,11074.92,11480.0,10933.26,11236.39,6984.67078032,546.7399999999998,1,0.014579789289674268,1540.4099999999999
2020-08-04,11236.39,11420.0,11000.79,11192.42,5522.11051757,419.2099999999991,0,-0.0039131785208594,546.7399999999998
2020-08-05,11193.48,11795.86,11094.35,11755.24,7514.79142531,701.5100000000002,1,0.05018635848726225,419.2099999999991
2020-08-06,11759.9,11913.5,11575.57,11770.08,9855.99436305,337.9300000000003,0,0.000865653619503592,701.5100000000002
2020-08-07,11770.26,11920.0,11219.0,11600.85,10503.36174678,701.0,1,-0.01439305503871621,337.9300000000003
2020-08-08,11601.75,11817.95,11527.0,11776.9,3983.74888665,290.9500000000007,0,0.015096860387441518,701.0
2020-08-09,11767.93,11808.28,11527.92,11683.03,2649.48917649,280.3600000000006,0,-0.007214522860010183,290.9500000000007
2020-08-10,11684.6,12080.0,11510.0,11895.12,7701.72806914,570.0,1,0.018016876914913684,280.3600000000006
2020-08-11,11896.37,11945.05,11130.0,11392.64,10470.68807136,815.0499999999993,1,-0.04234316854637182,570.0
2020-08-12,11386.5,11625.0,11150.0,11565.35,5668.60180464,475.0,0,0.01570719711939581,815.0499999999993
2020-08-13,11567.74,11806.61,11270.91,11793.26,6839.55121466,535.7000000000007,1,0.019495597238527184,475.0
2020-08-14,11797.55,11862.0,11652.01,11779.77,5526.79649808,209.98999999999978,0,-0.0015070925743055836,535.7000000000007
2020-08-15,11771.97,11986.93,11667.7,11852.2,3983.17592982,319.22999999999956,0,0.006815341867164237,209.98999999999978
2020-08-16,11858.6,11938.55,11685.97,11914.02,2494.17000289,252.57999999999993,0,0.00467340158197427,319.22999999999956
2020-08-17,11916.83,12473.0,11771.44,12298.38,9778.32856833,701.5599999999995,1,0.03201774297359275,252.57999999999993
2020-08-18,12301.27,12408.53,11823.0,11958.1,8818.18784117,585.5300000000007,1,-0.027897119565703385,701.5599999999995
2020-08-19,11950.0,12022.18,11574.4,11757.55,9401.50118445,447.78000000000065,0,-0.016104602510460312,585.5300000000007
2020-08-20,11762.18,11894.12,11675.29,11859.37,4191.75792092,218.82999999999993,0,0.008262924049793533,447.78000000000065
2020-08-21,11857.18,11887.67,11485.49,11531.74,6391.17972721,402.1800000000003,0,-0.027446661010459526,218.82999999999993
2020-08-22,11527.81,11694.02,11367.0,11667.7,3401.42192253,327.02000000000044,0,0.012135002225054129,402.1800000000003
2020-08-23,11678.17,11715.09,11524.7,11644.65,1632.87091819,190.38999999999942,0,-0.0028703127287923054,327.02000000000044
2020-08-24,11653.7,11832.55,11588.61,11761.8,2887.05808264,243.9399999999987,0,0.009276023923732252,190.38999999999942
2020-08-25,11750.4,11772.22,11112.75,11328.88,7073.69374623,659.4699999999993,1,-0.035872821350762564,243.9399999999987
2020-08-26,11328.5,11549.8,11250.14,11469.3,4273.08016903,299.65999999999985,0,0.01242882994218116,659.4699999999993
2020-08-27,11462.91,11602.92,11122.72,11330.0,7796.15569663,480.2000000000007,0,-0.01159478701307084,299.65999999999985
2020-08-28,11332.26,11555.61,11277.95,11536.58,6046.49746388,277.65999999999985,0,0.018029942835762654,480.2000000000007
2020-08-29,11538.74,11592.0,11423.64,11471.71,2095.93600275,168.36000000000058,0,-0.005809126473081174,277.65999999999985
2020-08-30,11471.71,11715.69,11458.62,11708.97,2328.65701886,257.0699999999997,0,0.020682182516817478,168.36000000000058
2020-08-31,11713.11,11780.0,11573.39,11655.0,4534.21810201,206.61000000000058,0,-0.0049611076819051966,257.0699999999997
2020-09-01,11658.48,12065.82,11515.0,11923.96,7960.82238043,550.8199999999997,1,0.022771407593442677,206.61000000000058
2020-09-02,11919.53,11956.45,11155.32,11398.44,13056.07287751,801.130000000001,1,-0.043717327780541694,550.8199999999997
2020-09-03,11395.1,11477.35,9987.86,10160.0,18554.73121203,1489.4899999999998,1,-0.10838869338575355,801.130000000001
2020-09-04,10160.0,10646.75,9902.43,10456.32,17415.36005733,744.3199999999997,1,0.02916535433070863,1489.4899999999998
2020-09-05,10460.2,10567.9,9850.0,10167.19,12165.47308504,717.8999999999996,1,-0.028011892698036386,744.3199999999997
2020-09-06,10165.47,10353.39,10000.0,10260.17,5121.25180431,353.3899999999994,0,0.009315850619794336,717.8999999999996
2020-09-07,10258.43,10415.66,9880.0,10377.14,8725.09203962,535.6599999999999,1,0.011571946194495563,353.3899999999994
2020-09-08,10377.5,10446.18,9825.07,10123.96,10560.87470567,621.1100000000006,1,-0.024431703204047302,535.6599999999999
2020-09-09,10126.01,10353.39,9981.38,10232.8,5872.2195124,372.0100000000002,0,0.010546108486955776,621.1100000000006
2020-09-10,10221.76,10495.75,10220.0,10342.59,10223.19117775,275.75,0,0.011820860595435613,372.0100000000002
2020-09-11,10341.38,10409.44,10200.5,10393.04,5245.7424448599995,208.9400000000005,0,0.004995464821909811,275.75
2020-09-12,10400.46,10482.42,10275.0,10443.33,2509.23983418,207.42000000000007,0,0.004121933068345131,208.9400000000005
2020-09-13,10446.4,10576.78,10214.9,10334.78,4325.10556518,361.880000000001,0,-0.010685020676979531,207.42000000000007
2020-09-14,10338.82,10765.03,10250.13,10675.15,7325.23245633,514.9000000000015,0,0.032530791715108684,361.880000000001
2020-09-15,10671.4,10940.01,10611.17,10783.83,6456.66295267,328.84000000000015,0,0.010535637310943296,514.9000000000015
2020-09-16,10785.0,11100.0,10662.81,10951.54,8300.239832019999,437.1900000000005,0,0.015441817338896697,328.84000000000015
2020-09-17,10950.15,11054.0,10739.23,10940.47,5525.71740992,314.77000000000044,0,-0.0008840061551668508,437.1900000000005
2020-09-18,10947.35,11040.18,10816.54,10931.2,4398.92439287,223.63999999999942,0,-0.0014752428669951756,314.77000000000044
2020-09-19,10935.49,11183.01,10890.53,11077.22,2253.35153789,292.47999999999956,0,0.01296055320794949,223.63999999999942
2020-09-20,11077.22,11079.25,10755.9,10923.5,3250.01749577,323.35000000000036,0,-0.01387712801587396,292.47999999999956
2020-09-21,10921.53,10996.98,10286.56,10411.29,9948.02125053,710.4200000000001,1,-0.046718728969292744,323.35000000000036
2020-09-22,10418.83,10573.05,10353.39,10534.31,4800.59855196,219.65999999999985,0,0.011083778120959797,710.4200000000001
2020-09-23,10525.72,10541.39,10138.3,10233.42,5711.36066207,403.09000000000015,0,-0.027770071786063024,219.65999999999985
2020-09-24,10236.86,10795.53,10193.2,10744.02,6703.91881646,602.3299999999999,1,0.04954253550405103,403.09000000000015
2020-09-25,10738.46,10762.65,10553.14,10689.81,6346.72379355,209.51000000000022,0,-0.004530444775135321,602.3299999999999
2020-09-26,10694.23,10830.0,10655.29,10729.09,2550.31630347,174.70999999999913,0,0.003259701727006113,209.51000000000022
2020-09-27,10731.09,10807.14,10593.58,10780.66,2286.86162473,213.5599999999995,0,0.004619288441341906,174.70999999999913
2020-09-28,10779.99,10950.0,10628.52,10689.48,4991.57062725,321.47999999999956,0,-0.008396111684704737,213.5599999999995
2020-09-29,10681.41,10865.0,10636.66,10836.42,4029.39173043,228.34000000000015,0,0.014512129016674785,321.47999999999956
2020-09-30,10840.0,10847.5,10658.56,10778.22,4304.6226949,188.9400000000005,0,-0.005699261992619987,228.34000000000015
2020-10-01,10780.83,10940.22,10437.08,10622.71,8678.34728292,503.1399999999994,0,-0.014666774265061298,188.9400000000005
2020-10-02,10611.17,10667.53,10380.0,10578.54,8333.45852437,287.53000000000065,0,-0.003075061468245179,503.1399999999994
2020-10-03,10571.6,10605.79,10500.0,10553.66,1134.79775814,105.79000000000087,0,-0.0016969995081161328,287.53000000000065
2020-10-04,10543.17,10699.88,10524.81,10669.63,1057.77530355,175.0699999999997,0,0.011994495014307759,105.79000000000087
2020-10-05,10666.16,10805.82,10620.71,10795.0,3618.01529204,185.11000000000058,0,0.012079323767878987,175.0699999999997
2020-10-06,10797.36,10801.86,10525.0,10606.33,4800.69513633,276.8600000000006,0,-0.01769228774441166,185.11000000000058
2020-10-07,10602.31,10682.56,10547.71,10669.14,5560.24913562,134.85000000000036,0,0.006303343328010588,276.8600000000006
2020-10-08,10669.1,10957.0,10535.06,10925.2,6969.04085121,421.9400000000005,0,0.024003899110515446,134.85000000000036
2020-10-09,10927.02,11118.49,10826.4,11052.0,5355.33959365,292.09000000000015,0,0.01143770213653856,421.9400000000005
2020-10-10,11060.46,11496.06,11059.62,11301.2,3270.37027031,436.4399999999987,0,0.02176582167468637,292.09000000000015
2020-10-11,11300.97,11447.44,11272.11,11372.93,2177.65085818,175.32999999999993,0,0.006367594994058116,436.4399999999987
2020-10-12,11372.48,11731.7,11175.99,11535.98,7088.22778528,555.710000000001,1,0.01437681139030361,175.32999999999993
2020-10-13,11539.42,11567.4,11314.53,11427.98,5097.96082433,252.86999999999898,0,-0.009657331131027427,555.710000000001
2020-10-14,11440.28,11555.1,11287.42,11428.84,3788.25075923,267.6800000000003,0,-0.0009999755250746055,252.86999999999898
2020-10-15,11430.49,11623.6,11250.01,11511.11,4864.42955616,373.59000000000015,0,0.0070530659665509355,267.6800000000003
2020-10-16,11506.53,11548.65,11200.0,11321.86,4309.22448566,348.64999999999964,0,-0.016049147744802306,373.59000000000015
2020-10-17,11331.88,11415.48,11264.01,11365.8,1124.42019876,151.46999999999935,0,0.0029933250263857432,348.64999999999964
2020-10-18,11365.8,11526.34,11352.79,11519.97,1047.16869132,173.54999999999927,0,0.013564377342553984,151.46999999999935
2020-10-19,11518.58,11840.0,11409.94,11764.14,5459.93398846,430.0599999999995,0,0.021318600035768253,173.54999999999927
2020-10-20,11759.2,12059.94,11680.0,11921.11,5859.83732437,379.9400000000005,0,0.01376879379549628,430.0599999999995
2020-10-21,11921.33,13235.0,11899.1,12802.67,20093.61486293,1335.8999999999996,1,0.07392967059883421,379.9400000000005
2020-10-22,12802.63,13208.25,12686.73,12983.26,9277.56218571,521.5200000000004,0,0.014108819828425958,1335.8999999999996
2020-10-23,12983.26,13037.26,12729.82,12941.59,4996.39791976,307.4400000000005,0,-0.0032095174863632147,521.5200000000004
2020-10-24,12940.03,13182.83,12887.38,13122.73,2820.82333324,295.4500000000007,0,0.014118978085831246,307.4400000000005
2020-10-25,13122.73,13363.53,12903.74,13039.09,3658.60280875,459.7900000000009,0,-0.006373673770625428,295.4500000000007
2020-10-26,13041.12,13250.0,12773.5,13066.73,5725.19571956,476.5,0,0.0019637883862734765,459.7900000000009
2020-10-27,13065.1,13788.0,13057.09,13647.9,11242.75450774,730.9099999999999,1,0.04460738915125022,476.5
2020-10-28,13642.31,13864.89,12892.0,13274.73,10670.86461819,972.8899999999994,1,-0.0269441172352776,730.9099999999999
2020-10-29,13275.82,13650.0,12993.0,13468.44,8894.95694501,657.0,1,0.014509084937879604,972.8899999999994
2020-10-30,13456.14,13675.56,13129.26,13562.13,8981.11986042,546.2999999999993,1,0.007876701639548919,657.0
2020-10-31,13569.42,14100.0,13420.97,13816.08,6337.39292768,679.0300000000007,1,0.018177637658794543,546.2999999999993
2020-11-01,13799.44,13907.47,13629.31,13762.0,2534.0858149700002,278.15999999999985,0,-0.0027131535772466496,679.0300000000007
2020-11-02,13762.0,13842.5,13220.0,13563.72,7065.41110933,622.5,1,-0.014407789565470184,278.15999999999985
2020-11-03,13578.82,14083.76,13287.7,14041.58,7225.86635614,796.0599999999995,1,0.03407954446704502,622.5
2020-11-04,14041.58,14277.5,13520.87,14160.59,10926.32680544,756.6299999999992,1,0.008475541926193507,796.0599999999995
2020-11-05,14168.49,15770.58,14100.0,15605.04,18422.63186045,1670.58,1,0.10139047986059214,756.6299999999992
2020-11-06,15608.32,15968.98,15196.01,15598.09,13479.46706771,772.9699999999993,1,-0.0006554196736099442,1670.58
2020-11-07,15603.28,15778.6,14351.0,14838.97,10933.92419186,1427.6000000000004,1,-0.04898393158361584,772.9699999999993
2020-11-08,14829.32,15664.9,14727.19,15489.15,5046.49916395,937.7099999999991,1,0.044494959984679,1427.6000000000004
2020-11-09,15484.68,15854.48,14824.66,15332.04,14466.07953692,1029.8199999999997,1,-0.009857484946411513,937.7099999999991
2020-11-10,15349.32,15482.76,15092.47,15313.65,8966.48171393,390.2900000000009,0,-0.0023238814488198874,1029.8199999999997
2020-11-11,15314.94,15991.01,15290.85,15707.89,10013.26427187,700.1599999999999,1,0.025657952300172177,390.2900000000009
2020-11-12,15702.0,16369.99,15481.0,16300.0,16261.47118864,888.9899999999998,1,0.0380843204687301,700.1599999999999
2020-11-13,16300.0,16494.52,15970.33,16335.58,7843.22421583,524.1900000000005,1,0.002182822085889566,888.9899999999998
2020-11-14,16339.06,16341.89,15715.1,16086.34,5046.32670498,626.789999999999,1,-0.01546723006097042,524.1900000000005
2020-11-15,16092.8,16170.0,15786.46,15975.49,3225.70533016,383.5400000000009,0,-0.007289595346987442,626.789999999999
2020-11-16,15975.49,16894.93,15875.5,16724.62,7511.71484029,1019.4300000000003,1,0.046892458384687995,383.5400000000009
2020-11-17,16727.85,17868.0,16570.0,17680.63,9824.73852957,1298.0,1,0.05695770825300338,1019.4300000000003
2020-11-18,17681.77,18483.0,17041.47,17785.95,15717.92072069,1441.5299999999988,1,0.0058919440757345155,1298.0
2020-11-19,17792.96,18189.97,17346.62,17825.47,10506.69646215,843.3500000000022,1,0.001827127133428167,1441.5299999999988
2020-11-20,17822.37,18824.88,17755.81,18687.65,10020.01351326,1069.0699999999997,1,0.048550220874103864,843.3500000000022
2020-11-21,18685.08,18977.0,18333.45,18725.0,5937.50536305,643.5499999999993,1,0.0021364639594798765,1069.0699999999997
2020-11-22,18726.43,18770.55,17600.0,18435.2,6417.21771734,1170.5499999999993,1,-0.015551816336589492,643.5499999999993
2020-11-23,18432.6,18786.31,18001.95,18383.35,9412.08722183,784.3600000000006,1,-0.0026718965311459046,1170.5499999999993
2020-11-24,18386.92,19442.13,18068.56,19160.85,13262.83116668,1373.5699999999997,1,0.04209133449212812,784.3600000000006
2020-11-25,19175.13,19490.0,18470.91,18732.43,8962.62225501,1019.0900000000001,1,-0.023087196801273354,1373.5699999999997
2020-11-26,18727.24,18911.04,16218.0,17160.09,21424.98655676,2693.040000000001,1,-0.08368291323227563,1019.0900000000001
2020-11-27,17168.31,17471.89,16435.47,17154.39,8964.83242941,1036.4199999999983,1,-0.0008107961703861295,2693.040000000001
2020-11-28,17160.38,17896.03,16875.01,17741.79,4471.52202455,1021.0200000000004,1,0.03388095135422408,1036.4199999999983
2020-11-29,17724.41,18352.47,17534.87,18192.03,3736.1591794,817.6000000000022,1,0.02638282459049407,1021.0200000000004
2020-11-30,18196.75,19864.15,18196.75,19700.19,10612.67092499,1667.4000000000015,1,0.08262134721859665,817.6000000000022
2020-12-01,19703.53,19918.01,18100.0,18771.43,11799.58943351,1818.0099999999984,1,-0.047306244109557964,1667.4000000000015
2020-12-02,18773.21,19346.9,18334.0,19226.55,6749.36401948,1012.9000000000015,1,0.024148241030702802,1818.0099999999984
2020-12-03,19220.09,19621.0,18881.62,19448.4,6196.52507218,739.380000000001,1,0.011878716488840651,1012.9000000000015
2020-12-04,19439.94,19552.5,18573.89,18673.76,6261.69674357,978.6100000000006,1,-0.03941267308438196,739.380000000001
2020-12-05,18650.08,19185.17,18500.0,19162.16,2376.72322359,685.1699999999983,1,0.027457254875046008,978.6100000000006
2020-12-06,19162.17,19418.39,18870.62,19380.58,2503.4542629,547.7700000000004,1,0.01139797841267474,685.1699999999983
2020-12-07,19385.13,19431.0,18905.0,19173.5,4323.27044132,526.0,1,-0.010917130811090822,547.7700000000004
2020-12-08,19183.13,19300.55,18163.52,18316.43,5979.96623279,1137.0299999999988,1,-0.04518032250211518,526.0
2020-12-09,18311.31,18654.92,17640.33,18556.64,8906.94524733,1014.5899999999965,1,0.013397730692124053,1137.0299999999988
2020-12-10,18546.38,18562.13,17908.0,18250.3,6784.45549144,654.130000000001,1,-0.0159643013892739,1014.5899999999965
2020-12-11,18250.3,18290.43,17569.58,18040.02,6687.92267389,720.8499999999985,1,-0.011522002378043038,654.130000000001
2020-12-12,18031.23,18956.46,18022.55,18815.63,3515.32704607,933.9099999999999,1,0.0435023012850483,720.8499999999985
2020-12-13,18806.83,19416.64,18628.1,19162.36,4251.96121032,788.5400000000009,1,0.018904302319954974,933.9099999999999
2020-12-14,19151.82,19346.9,18979.21,19274.33,3618.37690457,367.6900000000023,0,0.006396781089212516,788.5400000000009
2020-12-15,19274.33,19567.84,19050.0,19434.87,6750.77219425,517.8400000000001,0,0.008329212999881045,367.6900000000023
2020-12-16,19434.55,21576.76,19277.66,21365.7,14974.62184371,2299.0999999999985,1,0.09936684924528746,517.8400000000001
2020-12-17,21358.96,23777.0,21244.04,22814.24,22626.69253048,2532.959999999999,1,0.06813440354773839,2299.0999999999985
2020-12-18,22829.89,23284.68,22360.93,23136.14,11360.33890442,923.75,1,0.013414431694589855,2532.959999999999
2020-12-19,23142.05,24217.38,22719.78,23842.99,8672.0376961,1497.6000000000022,1,0.030288587225418766,923.75
2020-12-20,23842.38,24298.04,23092.77,23470.85,5095.96264009,1205.2700000000004,1,-0.015582756419451517,1497.6000000000022
2020-12-21,23470.85,24123.83,21864.86,22732.01,12675.12801873,2258.970000000001,1,-0.031479047414132856,1205.2700000000004
2020-12-22,22750.07,23843.21,22383.59,23835.1,9367.60948339,1459.619999999999,1,0.047693479624458246,2258.970000000001
2020-12-23,23819.08,24096.9,22624.92,23247.71,11541.96937133,1471.9800000000032,1,-0.023987912211554878,1459.619999999999
2020-12-24,23215.0,23779.14,22700.1,23726.28,7185.48205493,1079.0400000000009,1,0.022023691578720604,1471.9800000000032
2020-12-25,23747.22,24777.0,23403.82,24705.15,6469.22897257,1373.1800000000003,1,0.040338616478055124,1079.0400000000009
2020-12-26,24714.01,26809.5,24485.32,26466.28,7491.46184626,2324.1800000000003,1,0.07090188925229053,1373.1800000000003
2020-12-27,26472.89,28377.94,25770.0,26259.6,13234.33412894,2607.9399999999987,1,-0.008056921628126015,2324.1800000000003
2020-12-28,26242.82,27473.49,26079.6,27037.91,7987.77761059,1393.890000000003,1,0.030297429925594893,2607.9399999999987
2020-12-29,27037.9,27395.0,25831.85,27370.0,9577.27829174,1563.1500000000015,1,0.01228275864619658,1393.890000000003
2020-12-30,27370.0,29010.32,27328.37,28881.3,11741.7333812,1681.9500000000007,1,0.0552173913043478,1563.1500000000015
2020-12-31,28893.21,29300.0,27930.75,28992.79,9477.67661813,1369.25,1,0.0034464844854552937,1681.9500000000007
2021-01-01,28999.63,29700.0,28720.0,29402.64,8781.46555456,980.0,1,0.013897073859218147,1369.25
2021-01-02,29410.77,33333.0,29050.0,32216.53,17867.8788985,4283.0,1,0.09539906639642547,980.0
2021-01-03,32216.51,34800.0,31977.45,33097.83,14160.5812801,2822.5499999999993,1,0.027356159931662474,4283.0
2021-01-04,33068.83,33669.76,27734.0,32005.88,22446.94000548,5935.760000000002,1,-0.03214356238185629,2822.5499999999993
2021-01-05,32054.23,34500.0,29936.26,34039.05,14806.49650719,4563.740000000002,1,0.061920688782728626,5935.760000000002
2021-01-06,34081.24,37050.83,33348.27,36849.94,19219.28788972,3702.560000000005,1,0.08123824133159488,4563.740000000002
2021-01-07,36875.96,40402.46,36327.5,39510.49,23102.26120863,4074.959999999999,1,0.07144302141557803,3702.560000000005
2021-01-08,39510.59,42000.0,36618.36,40667.07,22183.95174233,5381.639999999999,1,0.029270127325357664,4074.959999999999
2021-01-09,40682.76,41422.77,38788.16,40239.06,8535.84731272,2634.6099999999933,1,-0.010906339687867892,5381.639999999999
2021-01-10,40239.06,41450.0,34322.07,38173.73,16218.9974052,7127.93,1,-0.05132649718954654,2634.6099999999933
2021-01-11,38164.88,38261.39,30261.13,35455.58,40786.96425433,8000.259999999998,1,-0.07098934937041583,7127.93
2021-01-12,35449.71,36639.23,32479.91,34035.02,18267.87445007,4159.320000000003,1,-0.03990695551529201,8000.259999999998
2021-01-13,34035.02,37800.0,32327.76,37393.49,13662.38751261,5472.240000000002,1,0.09867689221278558,4159.320000000003
2021-01-14,37393.49,40112.78,36717.23,39134.35,10923.5047334,3395.5499999999956,1,0.0465551624092857,5472.240000000002
2021-01-15,39147.98,39694.0,34380.0,36756.57,13499.11727006,5314.0,1,-0.06108642131726856,3395.5499999999956
2021-01-16,36778.66,37944.12,35350.0,36000.0,7688.58269814,2594.1200000000026,1,-0.021171516308642117,5314.0
2021-01-17,36013.51,36839.0,33833.55,35819.25,6821.71255949,3005.449999999997,1,-0.0053940868301923925,2594.1200000000026
2021-01-18,35826.36,37449.86,34777.85,36616.95,6251.2145414,2672.010000000002,1,0.022067271137787833,3005.449999999997
2021-01-19,36665.82,37874.71,35888.0,35917.62,6578.85825052,1986.7099999999991,1,-0.02040592573683057,2672.010000000002
2021-01-20,35888.13,36440.1,33400.0,35496.91,12160.46753333,3040.0999999999985,1,-0.010901097382337667,1986.7099999999991
2021-01-21,35516.17,35620.96,30044.16,30818.18,21214.6412581,5576.799999999999,1,-0.13227749501142713,3040.0999999999985
2021-01-22,30817.86,33864.85,28800.0,32992.06,17019.5834508,5064.8499999999985,1,0.07054999925367943,5576.799999999999
2021-01-23,32989.1,33468.46,31426.11,32117.49,5255.74586786,2042.3499999999985,1,-0.026421151228739097,5064.8499999999985
2021-01-24,32098.38,33075.75,30960.77,32288.83,4658.70962563,2114.9799999999996,1,0.0059333212454959015,2042.3499999999985
2021-01-25,32289.06,34888.0,31939.12,32261.22,10038.75547087,2948.880000000001,1,-0.0008622115354240769,2114.9799999999996
2021-01-26,32264.15,32953.28,30847.4,32504.53,11554.91101117,2105.8799999999974,1,0.007450374486852974,2948.880000000001
2021-01-27,32521.65,32580.12,29150.49,30424.62,22403.70666206,3429.6299999999974,1,-0.06448104570340073,2105.8799999999974
2021-01-28,30427.34,33870.58,29899.99,33484.87,17879.35697563,3970.59,1,0.10048627320035214,3429.6299999999974
2021-01-29,33488.66,38620.0,31990.0,34249.64,31439.61903418,6630.0,1,0.0227235129742425,3970.59
2021-01-30,34265.71,34931.39,32860.0,34323.0,7281.28566632,2071.3899999999994,1,0.0016719338370633754,6630.0
2021-01-31,34300.19,34380.21,32193.7,33141.38,4750.12315608,2186.5099999999984,1,-0.033784360961265955,2071.3899999999994
2021-02-01,33110.32,34736.1,32333.01,33532.74,8374.05662032,2403.09,1,0.012757955827669388,2186.5099999999984
2021-02-02,33497.16,36008.67,33431.67,35522.16,7225.86501969,2577.0,1,0.060452886155124785,2403.09
2021-02-03,35496.91,37732.87,35382.45,37691.63,8777.33287657,2350.4200000000055,1,0.06182848028180463,2577.0
2021-02-04,37693.0,38748.52,36197.65,36996.32,11762.80234811,2550.8699999999953,1,-0.01848300745496512,2350.4200000000055
2021-02-05,36984.28,38359.69,36618.36,38320.0,5211.97488137,1741.3300000000017,1,0.036115884911102805,2550.8699999999953
2021-02-06,38320.0,41025.48,38230.81,39282.1,8635.66020711,2794.6700000000055,1,0.025106993736951945,1741.3300000000017
2021-02-07,39274.8,39727.44,37412.93,38858.39,5973.24016085,2314.510000000002,1,-0.010602472832452449,2794.6700000000055
2021-02-08,38870.36,46712.12,38050.97,46416.45,19053.71343569,8661.150000000001,1,0.19413481120318918,2314.510000000002
2021-02-09,46445.51,48216.09,45000.0,46505.2,12505.08248337,3216.0899999999965,1,0.0012851619026251419,8661.150000000001
2021-02-10,46493.9,47364.09,43746.06,44854.63,9483.3289564,3618.029999999999,1,-0.03525774348893089,3216.0899999999965
2021-02-11,44854.63,48696.84,44040.96,47981.48,9390.81635484,4655.879999999997,1,0.06971075226793769,3618.029999999999
2021-02-12,48044.88,49000.0,46231.16,47395.84,5970.13590277,2768.8399999999965,1,-0.013509035718270102,4655.879999999997
2021-02-13,47424.25,48220.0,46133.0,47228.48,4271.67215148,2087.0,1,-0.004128056848553152,2768.8399999999965
2021-02-14,47258.66,49714.66,47081.02,48662.5,5201.6939256,2633.6400000000067,1,0.029705455042525464,2087.0
2021-02-15,48620.48,49048.82,45914.75,47942.57,6924.33408866,3134.0699999999997,1,-0.01394288990976649,2633.6400000000067
2021-02-16,47954.05,50602.53,47036.02,49166.53,8376.07608814,3566.510000000002,1,0.02528420435813025,3134.0699999999997
2021-02-17,49136.7,52640.0,48896.19,52174.28,9571.64796874,3743.8099999999977,1,0.061818966271646285,3566.510000000002
2021-02-18,52141.23,52566.98,50869.61,51579.54,6330.14291878,1697.3700000000026,1,-0.010772473146490835,3743.8099999999977
2021-02-19,51560.46,56399.99,50627.32,55988.58,9229.78250415,5772.669999999998,1,0.0858820887168191,1697.3700000000026
2021-02-20,56000.59,57553.81,54000.0,55936.04,5187.25046252,3553.8099999999977,1,-0.0011526664272643492,5772.669999999998
2021-02-21,55919.75,58354.14,55537.99,57492.91,3562.96950963,2816.1500000000015,1,0.028132457673719993,3553.8099999999977
2021-02-22,57485.74,57564.19,47400.0,54173.65,17002.83273081,10164.190000000002,1,-0.05761585394917064,2816.1500000000015
2021-02-23,54173.64,54196.58,44845.72,48887.93,17766.39814895,9350.86,1,-0.09756977747849321,10164.190000000002
2021-02-24,48927.33,51459.51,47000.0,49754.0,8774.36674339,4459.510000000002,1,0.016895873942027864,9350.86
2021-02-25,49715.13,52079.16,46723.0,47088.58,7920.69294708,5356.1600000000035,1,-0.05283200506566101,4459.510000000002
2021-02-26,47070.18,48476.62,44151.97,46314.83,8126.22740854,4324.6500000000015,1,-0.016047314881736136,5356.1600000000035
2021-02-27,46324.15,48365.31,45050.0,46109.98,3071.56836645,3315.3099999999977,1,-0.004623290443537513,4324.6500000000015
2021-02-28,46142.1,46659.88,43021.0,45240.96,6668.91811403,3638.8799999999974,1,-0.019529670301091616,3315.3099999999977
2021-03-01,45261.56,49831.52,45020.25,49629.33,8512.7594378,4811.269999999997,1,0.09650065088344291,3638.8799999999974
2021-03-02,49641.89,50250.0,47069.52,48516.35,4945.78880692,3180.480000000003,1,-0.022673189920851138,4811.269999999997
2021-03-03,48438.0,52652.82,48168.45,50379.68,6151.4871525,4484.370000000003,1,0.04008588298443372,3180.480000000003
2021-03-04,50376.05,51817.54,47500.0,48360.5,5641.61213573,4317.540000000001,1,-0.04001008415705485,4484.370000000003
2021-03-05,48353.09,49471.24,46294.0,48739.21,5219.24690875,3177.239999999998,1,0.007985425543641629,4317.540000000001
2021-03-06,48774.67,49200.0,47082.29,48904.63,2141.06029528,2117.709999999999,1,0.0026644977813278722,3177.239999999998
2021-03-07,48933.12,51477.53,48933.12,50967.3,2818.44991057,2544.409999999996,1,0.041570617201600886,2117.709999999999
2021-03-08,50952.55,52427.8,49316.98,52427.8,4419.56113432,3110.8199999999997,1,0.028953408612522828,2544.409999999996
2021-03-09,52427.8,54939.26,51857.0,54929.02,5428.89224399,3082.260000000002,1,0.04770789542952391,3110.8199999999997
2021-03-10,54927.29,57402.89,53010.0,55852.29,6916.27818124,4392.889999999999,1,0.016840444886321537,3082.260000000002
2021-03-11,55918.09,58155.99,54269.0,57772.09,6640.48776529,3886.989999999998,1,0.03315563889968345,4392.889999999999
2021-03-12,57847.92,58098.5,55011.0,57271.04,5232.31057076,3087.5,1,-0.009972355099370857,3886.989999999998
2021-03-13,57297.67,61781.83,56080.96,61165.19,6187.83400169,5700.870000000003,1,0.06749873075118071,3087.5
2021-03-14,61177.03,61700.0,58959.57,59016.39,3274.12215493,2740.4300000000003,1,-0.03531783089175789,5700.870000000003
2021-03-15,58956.9,60595.13,54555.0,55644.37,7725.21404982,6040.129999999997,1,-0.056185620342996304,2740.4300000000003
2021-03-16,55616.42,56950.0,53221.0,56908.34,7733.22669474,3729.0,1,0.02322911111502679,6040.129999999997
2021-03-17,56928.38,58968.8,54124.0,58901.8,5840.07702599,4844.800000000003,1,0.034664959726589895,3729.0
2021-03-18,58939.73,60083.25,57000.0,57648.05,5516.46389423,3083.25,1,-0.02191526835972951,4844.800000000003
2021-03-19,57648.01,59450.95,56279.34,58072.0,3523.4823315099998,3171.6100000000006,1,0.007354807217109453,3083.25
2021-03-20,58029.94,59957.0,57815.61,58138.39,2382.94564802,2141.3899999999994,1,0.0018688628663065495,3171.6100000000006
2021-03-21,58072.87,58632.52,55500.0,57381.79,3628.79780904,3132.519999999997,1,-0.011900221222061209,2141.3899999999994
2021-03-22,57410.54,58461.78,53715.0,54070.92,6566.96696309,4746.779999999999,1,-0.05817085155443587,3132.519999999997
2021-03-23,54117.71,55866.44,52933.03,54361.57,4996.46365198,2933.4100000000035,1,0.004506103454857949,4746.779999999999
2021-03-24,54360.07,57207.33,51638.76,52287.52,6867.5643368,5568.57,1,-0.03812633059523291,2933.4100000000035
2021-03-25,52281.77,53271.59,50360.0,51326.11,6682.61740401,2911.5899999999965,1,-0.01827902919124575,5568.57
2021-03-26,51292.65,55114.86,51263.38,55081.37,4874.25111496,3851.480000000003,1,0.07386477399783402,2911.5899999999965
2021-03-27,55081.26,56686.15,53948.35,55839.42,2609.96757961,2737.800000000003,1,0.013764391010663086,3851.480000000003
2021-03-28,55817.85,56573.04,54677.51,55790.92,2073.4491914,1895.5299999999988,1,-0.00048246215144439084,2737.800000000003
2021-03-29,55790.28,58402.68,54892.42,57600.1,5360.42566319,3510.260000000002,1,0.03243970096583132,1895.5299999999988
2021-03-30,57623.66,59388.66,57011.0,58760.59,3392.3386191600002,2377.6600000000035,1,0.01973026357576025,3510.260000000002
2021-03-31,58767.75,59816.17,56713.45,58782.58,4595.25252072,3102.720000000001,1,0.00025234929021447557,2377.6600000000035
